2026-06-18	Corook	2
2026-06-18	Em Beihold	2
2026-06-18	Joy Oladokun	2
2026-06-18	Orla Gartland	2
2026-06-18	The Astronomers	2
2026-06-18	AJR	2
2026-06-18	bby	2
2026-06-18	Rosi Golan	2
2026-06-18	Peter Bradley Adams	2
2026-06-18	Wolf Parade	2
2026-06-19	half•alive	2
2026-06-19	lovelytheband	2
2026-06-19	Tapes 'n Tapes	2
2026-06-19	Clap Your Hands Say Yeah	2
2026-06-19	Sunset Rubdown	2
2026-06-19	The Soronprfbs	2
2026-06-19	MIchael Fassbender	2
2026-06-19	Almost Monday	2
2026-06-19	Tessa Violet	2
2026-06-19	dodie	2
2026-06-19	LCD Soundsystem	2
2026-06-19	The Juan Maclean	2
2026-06-20	NoSo	0
2026-06-20	Miya Folick	0
2026-06-22	Rostam	3
2026-06-22	Vampire Weekend	3
2026-06-22	Ra Ra Riot	3
2026-06-22	Ratboy	3
2026-06-22	Tokyo Police Club	3
2026-06-22	Florence + The Machine	3
2026-06-22	Someone Still Loves You Boris Yelstin	3
2026-06-22	Generationals	3
2026-06-22	Sjowgren	3
2026-06-22	Goth Babe	3
2026-06-22	The 1975	3
2026-06-22	Bleachers	3
2026-06-22	Audrey Hobert	3
2026-06-22	Sydney Ross Mitchell	3
2026-06-22	Noah Kahan	3
2026-06-22	Wallows	3
2026-06-22	Gracie Abrams	3
2026-06-22	Role Model	3
2026-06-22	Alessi Rose	3
2026-06-22	Maisie Peters	3
